{
  "project_info": {
    "project_number": "323472011864",
    "firebase_url": "https://app-movil-arduino-default-rtdb.firebaseio.com",
    "project_id": "app-movil-arduino",
    "storage_bucket": "app-movil-arduino.appspot.com"
  },
  "client": [
    {
      "client_info": {
        "mobilesdk_app_id": "1:323472011864:android:e069c8bbda689157d5102d",
        "android_client_info": {
          "package_name": "com.example.agrosmart"
        }
      },
      "oauth_client": [],
      "api_key": [
        {
          "current_key": "AIzaSyBXdNpozkw2QjAEnGCecOMjvSY86R1b8pg"
        }
      ],
      "services": {
        "appinvite_service": {
          "other_platform_oauth_client": []
        }
      }
    },
    {
      "client_info": {
        "mobilesdk_app_id": "1:323472011864:android:ca4ca2dd2720e990d5102d",
        "android_client_info": {
          "package_name": "com.example.aquasmart"
        }
      },
      "oauth_client": [],
      "api_key": [
        {
          "current_key": "AIzaSyBXdNpozkw2QjAEnGCecOMjvSY86R1b8pg"
        }
      ],
      "services": {
        "appinvite_service": {
          "other_platform_oauth_client": []
        }
      }
    }
  ],
  "configuration_version": "1"
}